scenario,round,eligible,old,new
none,300,178,60,171
none,400,178,26,167
none,500,178,16,162
none,600,178,2,28
none,700,178,0,3
none,800,178,0,1
none,900,178,0,1
none,1000,178,0,0
none,1500,178,0,0
none,2000,178,0,0
none,2500,178,0,0
none,3000,178,0,0
top_fusion_four,300,1181,1180,1130
top_fusion_four,400,1181,1168,1112
top_fusion_four,500,1181,1120,1103
top_fusion_four,600,1181,943,862
top_fusion_four,700,1181,748,648
top_fusion_four,800,1181,617,558
top_fusion_four,900,1181,583,527
top_fusion_four,1000,1181,573,504
top_fusion_four,1500,1181,15,13
top_fusion_four,2000,1181,7,7
top_fusion_four,2500,1181,5,4
top_fusion_four,3000,1181,1,1
