scenario,from_round,to_round,reached_from,reached_to,conditional_percent
none,30,60,7290,5937,81.440329218107
none,60,100,5937,2453,41.31716355061479
none,100,200,2453,1694,69.05829596412556
none,200,300,1694,1557,91.91263282172373
none,300,400,1557,1518,97.495183044316
none,400,500,1518,1320,86.95652173913044
none,500,600,1320,349,26.43939393939394
none,600,700,349,35,10.028653295128938
none,700,800,35,15,42.857142857142854
none,800,900,15,10,66.66666666666666
none,900,1000,10,5,50.0
none,1000,1250,5,0,0.0
none,1250,1500,0,0,
none,1500,1750,0,0,
none,1750,2000,0,0,
none,2000,2100,0,0,
none,2100,2250,0,0,
none,2250,2400,0,0,
none,2400,2500,0,0,
none,2500,3000,0,0,
none,3000,4000,0,0,
none,4000,5000,0,0,
none,5000,6000,0,0,
none,6000,7500,0,0,
none,7500,9000,0,0,
none,9000,10000,0,0,
top_fusion_four,30,60,8184,8043,98.27712609970675
top_fusion_four,60,100,8043,5282,65.67201293049857
top_fusion_four,100,200,5282,4605,87.18288527073078
top_fusion_four,200,300,4605,4452,96.67752442996743
top_fusion_four,300,400,4452,4385,98.49505840071878
top_fusion_four,400,500,4385,4266,97.28620296465222
top_fusion_four,500,600,4266,3606,84.52883263009845
top_fusion_four,600,700,3606,2875,79.72823072656684
top_fusion_four,700,800,2875,2398,83.40869565217392
top_fusion_four,800,900,2398,2298,95.82985821517931
top_fusion_four,900,1000,2298,2245,97.69364664926023
top_fusion_four,1000,1250,2245,1399,62.3162583518931
top_fusion_four,1250,1500,1399,61,4.360257326661901
top_fusion_four,1500,1750,61,43,70.49180327868852
top_fusion_four,1750,2000,43,36,83.72093023255815
top_fusion_four,2000,2100,36,36,100.0
top_fusion_four,2100,2250,36,33,91.66666666666666
top_fusion_four,2250,2400,33,21,63.63636363636363
top_fusion_four,2400,2500,21,17,80.95238095238095
top_fusion_four,2500,3000,17,1,5.88235294117647
top_fusion_four,3000,4000,1,0,0.0
top_fusion_four,4000,5000,0,0,
top_fusion_four,5000,6000,0,0,
top_fusion_four,6000,7500,0,0,
top_fusion_four,7500,9000,0,0,
top_fusion_four,9000,10000,0,0,
