scenario,version,round,starts,completed200,reached,absolute_percent,conditional_percent,ci_low,ci_high
none,1.0.15,300,2048,338,128,6.25,37.8698224852071,32.862310650471954,43.14996115444934
none,1.0.15,400,2048,338,61,2.978515625,18.047337278106507,14.313783228034167,22.499030306880474
none,1.0.15,500,2048,338,33,1.611328125,9.763313609467456,7.03666577969172,13.394284597608191
none,1.0.15,600,2048,338,3,0.146484375,0.8875739644970414,0.30230536363533983,2.576648773363081
none,1.0.15,700,2048,338,0,0.0,0.0,0,1.1237545129682716
none,1.0.15,800,2048,338,0,0.0,0.0,0,1.1237545129682716
none,1.0.15,900,2048,338,0,0.0,0.0,0,1.1237545129682716
none,1.0.15,1000,2048,338,0,0.0,0.0,0,1.1237545129682716
none,1.0.15,1250,2048,338,0,0.0,0.0,0,1.1237545129682716
none,1.0.15,1500,2048,338,0,0.0,0.0,0,1.1237545129682716
none,1.0.15,1750,2048,338,0,0.0,0.0,0,1.1237545129682716
none,1.0.15,2000,2048,338,0,0.0,0.0,0,1.1237545129682716
none,1.0.15,2500,2048,338,0,0.0,0.0,0,1.1237545129682716
none,1.0.18,300,8192,1681,1539,18.78662109375,91.55264723378941,90.12663444789732,92.78917894725922
none,1.0.18,400,8192,1681,1482,18.0908203125,88.16180844735277,86.52975364710667,89.61984448173071
none,1.0.18,500,8192,1681,1408,17.1875,83.75966686496133,81.91991516361368,85.44547367210764
none,1.0.18,600,8192,1681,260,3.173828125,15.466983938132064,13.817353788049397,17.27408547338457
none,1.0.18,700,8192,1681,30,0.3662109375,1.784651992861392,1.2529248134938746,2.5362423206874025
none,1.0.18,800,8192,1681,14,0.1708984375,0.8328375966686496,0.4967503936553453,1.3931282447170492
none,1.0.18,900,8192,1681,13,0.15869140625,0.7733491969066032,0.45250669015257267,1.3186664172317664
none,1.0.18,1000,8192,1681,8,0.09765625,0.4759071980963712,0.24134476100513264,0.9363006914389309
none,1.0.18,1250,8192,1681,0,0.0,0.0,2.168404344971009e-17,0.2280012045396222
none,1.0.18,1500,8192,1681,0,0.0,0.0,2.168404344971009e-17,0.2280012045396222
none,1.0.18,1750,8192,1681,0,0.0,0.0,2.168404344971009e-17,0.2280012045396222
none,1.0.18,2000,8192,1681,0,0.0,0.0,2.168404344971009e-17,0.2280012045396222
none,1.0.18,2500,8192,1681,0,0.0,0.0,2.168404344971009e-17,0.2280012045396222
none,1.0.19,300,8192,1687,1557,19.00634765625,92.294013040901,90.92314560455134,93.4727031342941
none,1.0.19,400,8192,1687,1518,18.5302734375,89.9822169531713,88.45743074618346,91.32533025500958
none,1.0.19,500,8192,1687,1320,16.11328125,78.24540604623593,76.21365350899218,80.14881590104264
none,1.0.19,600,8192,1687,349,4.26025390625,20.68761114404268,18.82232490130291,22.686088271284262
none,1.0.19,700,8192,1687,35,0.42724609375,2.074688796680498,1.495509362094422,2.871633307342847
none,1.0.19,800,8192,1687,15,0.18310546875,0.8891523414344991,0.5395760108577009,1.4618806392706574
none,1.0.19,900,8192,1687,10,0.1220703125,0.5927682276229994,0.3222984843474967,1.0877366609536336
none,1.0.19,1000,8192,1687,5,0.06103515625,0.2963841138114997,0.12666198339423945,0.6919516570796631
none,1.0.19,1250,8192,1687,0,0.0,0.0,0,0.22719213564667473
none,1.0.19,1500,8192,1687,0,0.0,0.0,0,0.22719213564667473
none,1.0.19,1750,8192,1687,0,0.0,0.0,0,0.22719213564667473
none,1.0.19,2000,8192,1687,0,0.0,0.0,0,0.22719213564667473
none,1.0.19,2500,8192,1687,0,0.0,0.0,0,0.22719213564667473
top_fusion_four,1.0.15,300,2048,2040,2038,99.51171875,99.90196078431373,99.64322723437171,99.97310999242971
top_fusion_four,1.0.15,400,2048,2040,2021,98.681640625,99.06862745098039,98.54986977351263,99.4029333345701
top_fusion_four,1.0.15,500,2048,2040,1933,94.384765625,94.75490196078431,93.70062956445581,95.6409381055537
top_fusion_four,1.0.15,600,2048,2040,1620,79.1015625,79.41176470588235,77.60263499876936,81.11033389718432
top_fusion_four,1.0.15,700,2048,2040,1286,62.79296875,63.03921568627451,60.92189590422892,65.10752030631055
top_fusion_four,1.0.15,800,2048,2040,1066,52.05078125,52.254901960784316,50.08518851016004,54.41613910519643
top_fusion_four,1.0.15,900,2048,2040,1009,49.267578125,49.46078431372549,47.29424698538832,51.62934858485254
top_fusion_four,1.0.15,1000,2048,2040,991,48.388671875,48.57843137254902,46.41430127610599,50.74790522725626
top_fusion_four,1.0.15,1250,2048,2040,633,30.908203125,31.029411764705884,29.059155670074787,33.070979392035106
top_fusion_four,1.0.15,1500,2048,2040,32,1.5625,1.5686274509803921,1.1133137616971143,2.2059974562991664
top_fusion_four,1.0.15,1750,2048,2040,19,0.927734375,0.9313725490196079,0.5970666654299192,1.4501302264873652
top_fusion_four,1.0.15,2000,2048,2040,15,0.732421875,0.7352941176470589,0.4461056369931916,1.2096714622844014
top_fusion_four,1.0.15,2500,2048,2040,10,0.48828125,0.49019607843137253,0.26648410571622777,0.9000182527617511
top_fusion_four,1.0.18,300,8192,4674,4494,54.8583984375,96.14890885750962,95.5582817052931,96.66374073767315
top_fusion_four,1.0.18,400,8192,4674,4421,53.96728515625,94.58707744972186,93.9010083082646,95.19991648132356
top_fusion_four,1.0.18,500,8192,4674,4368,53.3203125,93.45314505776636,92.70773915134153,94.12718323236936
top_fusion_four,1.0.18,600,8192,4674,3450,42.1142578125,73.81258023106547,72.53297115243173,75.05307937099036
top_fusion_four,1.0.18,700,8192,4674,2611,31.87255859375,55.86221651690201,54.43444415932564,57.280360731435934
top_fusion_four,1.0.18,800,8192,4674,2275,27.77099609375,48.673513050919986,47.242274030401454,50.10693070234592
top_fusion_four,1.0.18,900,8192,4674,2198,26.8310546875,47.02610183996577,45.59824634566218,48.45884168420694
top_fusion_four,1.0.18,1000,8192,4674,2180,26.611328125,46.64099272571673,45.21415321431563,48.07334909280272
top_fusion_four,1.0.18,1250,8192,4674,1799,21.96044921875,38.48951647411211,37.104589004656965,39.89334883757029
top_fusion_four,1.0.18,1500,8192,4674,250,3.0517578125,5.348737697903295,4.739579768238122,6.031231155048596
top_fusion_four,1.0.18,1750,8192,4674,54,0.6591796875,1.1553273427471116,0.8865882021466505,1.5042892956317773
top_fusion_four,1.0.18,2000,8192,4674,49,0.59814453125,1.0483525887890457,0.7939258050163832,1.3831778808868334
top_fusion_four,1.0.18,2500,8192,4674,29,0.35400390625,0.6204535729567822,0.4323558555675759,0.8896525828347944
top_fusion_four,1.0.19,300,8192,4598,4452,54.345703125,96.82470639408439,96.27751057555699,97.29372690691577
top_fusion_four,1.0.19,400,8192,4598,4385,53.52783203125,95.36755110917791,94.72122162609674,95.9381380526948
top_fusion_four,1.0.19,500,8192,4598,4266,52.0751953125,92.77946933449326,91.99509375200748,93.49242326054427
top_fusion_four,1.0.19,600,8192,4598,3606,44.0185546875,78.42540234884733,77.21298398824563,79.590363614909
top_fusion_four,1.0.19,700,8192,4598,2875,35.09521484375,62.52718573292736,61.11814947446693,63.91530746464328
top_fusion_four,1.0.19,800,8192,4598,2398,29.2724609375,52.15311004784689,50.7080361255996,53.59458928580996
top_fusion_four,1.0.19,900,8192,4598,2298,28.0517578125,49.978251413658114,48.53365420904333,51.422884928215176
top_fusion_four,1.0.19,1000,8192,4598,2245,27.40478515625,48.82557633753806,47.38233943531182,50.27077397664661
top_fusion_four,1.0.19,1250,8192,4598,1399,17.07763671875,30.426272292301,29.11319215809238,31.772031374547904
top_fusion_four,1.0.19,1500,8192,4598,61,0.74462890625,1.3266637668551544,1.03423758542632,1.7003515990725155
top_fusion_four,1.0.19,1750,8192,4598,43,0.52490234375,0.9351892127011744,0.6950528330480613,1.2572408221035798
top_fusion_four,1.0.19,2000,8192,4598,36,0.439453125,0.7829491083079599,0.5660917029274645,1.0819759130336009
top_fusion_four,1.0.19,2500,8192,4598,17,0.20751953125,0.3697259678120922,0.23097304856042142,0.5913381753119389
