version,start,end,games,seed_population,MYTHIC,PRIMORDIAL,TRUE_PRIMORDIAL,MIRACLE,loss,median_loss,p90_loss,raw_loss
old,200,299,512,512,0.1154310957052923,0.3002334018788172,0.0,0.0,0.6312647388489941,0.6397177090346974,0.8935501742927952,0.6249974653882103
old,300,399,512,512,0.15771788881984905,0.4028176706337334,0.0,0.0,0.5358722101569553,0.5381759114967977,0.7629632803665628,0.5304135661771062
old,400,499,506,512,0.21310988344888912,0.5568117372699902,0.0,0.0,0.3939620948408279,0.3814309482744222,0.5782268472366963,0.3898803615126568
old,500,599,479,512,0.2435030614904932,0.6493487186863257,0.009541199579932224,0.0,0.30165394819246477,0.29306354793751166,0.42827902628460635,0.29865027636645664
old,600,699,407,512,0.22206224513636294,0.6699894299705776,0.07886866991433839,0.0,0.22666136740930662,0.2228089215695622,0.31965593522802654,0.22385310888368828
old,700,799,332,512,0.15576856510885606,0.5247664113012434,0.3131591545410608,0.0,0.15538063171864822,0.1521421360283588,0.23770022194174817,0.152270183096861
old,800,899,266,512,0.09261436094061026,0.3585570900587198,0.5468664662993523,0.0,0.10278541101984641,0.10046082200529935,0.148518785946524,0.10046933608412612
old,900,999,249,512,0.06099914223026302,0.3304543395048343,0.6076802060541916,0.0,0.08205257467644665,0.08176479680382612,0.11825758633000491,0.08054704083821995
old,1000,1099,244,512,0.03559039869461465,0.30918946797791225,0.6515000460715852,0.003232488140565907,0.06714481899569145,0.06609416939608068,0.09319374600451916,0.06593829985685472
old,1100,1199,227,512,0.016910415518555353,0.30115997438080444,0.6680832418658689,0.013416705096948044,0.054676423431985643,0.05481495641115899,0.07361109981552494,0.053954364510422695
old,1200,1299,192,512,0.007590035496945737,0.281563791267916,0.6910069838742249,0.019511576750939983,0.04341514631232999,0.043136092702240204,0.05704198338908958,0.04305483368873494
old,1300,1399,108,512,0.004055519430587334,0.2433408336061482,0.7149434431359729,0.03744505134847967,0.032307752567885546,0.0322211393245936,0.04286032793314177,0.03205340642357546
old,1400,1499,28,512,0.0024203518767674337,0.17920676203823402,0.6675544992356949,0.15072861989176203,0.02000218772470542,0.02100413708054634,0.027516128538888962,0.019629533026601406
old,1500,1599,32,2048,0.001027944756745631,0.09100557409414282,0.40602555401889895,0.5019081906153927,0.009637316496103606,0.0068701445931019164,0.019846631698518743,0.009011372575451931
old,1600,1699,19,2048,0.0002045549150937228,0.031966072144335785,0.11198561388608656,0.8558393883703306,0.0028156883906023753,0.002770468852593457,0.005049177850858644,0.0021720075969299613
old,1700,1799,19,2048,0.00017290528888445913,0.032375743621883876,0.1275831894930269,0.839865236931345,0.002492327742483009,0.0020355428377903813,0.004530354717711897,0.0020736798500279015
old,1800,1899,18,2048,0.00010964194543867986,0.031997151208067384,0.13648071420598937,0.8314098055429073,0.0021020496426053274,0.0018375273485959104,0.00449621484413762,0.0018500538498268894
old,1900,1999,15,2048,5.378809415390228e-05,0.018479438474264236,0.11715055373557519,0.8643141663412709,0.001135563109940621,0.0009193066986212927,0.0020936428785825146,0.0010039468427861936
old,2000,2099,15,2048,4.0349599515467634e-05,0.01598179900913727,0.14202434623902627,0.8419525455239218,0.0008625372347769427,0.0009977954631808254,0.0013636013668940998,0.0007793611414813153
old,2100,2199,15,2048,2.6233879473524234e-05,0.013793960213070817,0.1629429632974159,0.8232363995071489,0.0006030122033403595,0.000595531224934806,0.0011078472042103675,0.0005515185672590545
old,2200,2299,13,2048,3.5678842236345037e-06,0.010695528307283488,0.17934521693690222,0.8099555284385176,0.00032460664762833433,0.00029993413377788554,0.0006055842464624891,0.00030945843204800315
old,2300,2399,11,2048,6.130823694069005e-06,0.007572970451290777,0.18057053081888944,0.8118501205357025,0.00012320903721790426,0.00010453132478148703,0.0002035910718911791,0.00011891837824231063
old,2400,2499,10,2048,8.88838398279975e-06,0.005744281504945072,0.18004684931012893,0.814199876894676,5.4153542267178157e-05,4.4752216146421556e-05,9.962082079133896e-05,5.258168398882838e-05
old,2500,2599,10,2048,7.036689948704965e-06,0.004673978112323048,0.18115145839660063,0.8141674024675398,3.814906003654879e-05,3.071080063663855e-05,7.744488737763135e-05,3.7381681350624684e-05
old,2600,2699,4,2048,5.284506727037339e-06,0.002905818404509586,0.1460711153254249,0.8510173656108198,1.8139846409622532e-05,1.7555805640804212e-05,2.573631635103453e-05,1.769092454040902e-05
old,2700,2799,3,2048,4.152827649139612e-06,0.0026870006536763606,0.12026557880882763,0.8770432228804026,1.837619475515192e-05,2.1436798906820228e-05,2.3607398255656476e-05,1.79845090762022e-05
old,2800,2899,3,2048,4.589644575225181e-06,0.0023753179938178766,0.12080802812921877,0.8768120288471398,1.4612168798037986e-05,1.588442772845293e-05,1.9322414097594304e-05,1.4384634643735491e-05
old,2900,2999,1,2048,1.9215853693704906e-06,0.0015768819002322761,0.11652590307039298,0.8818952934440053,6.941690008513426e-06,6.941690008513426e-06,6.941690008513426e-06,6.886216872203806e-06
old,3000,3099,1,2048,5.705489689607991e-06,0.0016809853833355227,0.11079407584485151,0.8875191366335686,8.644185632796712e-06,8.644185632796712e-06,8.644185632796712e-06,8.585451925044602e-06
old,3100,3199,1,2048,7.045946302391728e-06,0.0012645635714371001,0.11598534983628017,0.8827417362444125,1.4231444570486547e-05,1.4231444570486547e-05,1.4231444570486547e-05,1.4168615717670392e-05
current,700,799,167,512,0.04341609017763006,0.5511525859224102,0.40520290371710954,0.0,0.0,0.0,0.0,0.0
current,800,899,149,512,0.029326131095609765,0.3728912573381003,0.5976849913205174,0.0,0.0,0.0,0.0,0.0
current,900,999,142,512,0.02088634368957035,0.34080613933177417,0.6382660788273665,0.0,0.0,0.0,0.0,0.0
current,1000,1099,142,512,0.012830295379798946,0.30883815266944753,0.67830318223101,0.0,0.0,0.0,0.0,0.0
current,1100,1199,139,512,0.007511794116620402,0.29791950142532536,0.694542473544891,0.0,0.0,0.0,0.0,0.0
current,1200,1299,122,512,0.003838964918551676,0.2801915298028907,0.7159477240316736,0.0,0.0,0.0,0.0,0.0
current,1300,1399,93,512,0.0023390963425440883,0.259135103358929,0.7385109217026229,0.0,0.0,0.0,0.0,0.0
current,1400,1499,47,512,0.0018379221093607241,0.22319291521854853,0.7749620137225377,0.0,0.0,0.0,0.0,0.0
current,1500,1599,250,8192,0.001039062902115255,0.1516503040674661,0.6734050766272229,0.17390245872502794,0.0,0.0,0.0,0.0
current,1600,1699,74,8192,0.00036289461771652387,0.0647767909456684,0.32784308272068935,0.6070164309858225,0.0,0.0,0.0,0.0
current,1700,1799,54,8192,0.00010562803416431721,0.027856830776143916,0.1313888367908681,0.8406484979786963,0.0,0.0,0.0,0.0
current,1800,1899,54,8192,7.436166127422758e-05,0.025232301901912512,0.13744554020287675,0.8372476208594479,0.0,0.0,0.0,0.0
current,1900,1999,52,8192,5.1233845569872675e-05,0.020183409220875418,0.13812856937042203,0.8416367288719726,0.0,0.0,0.0,0.0
current,2000,2099,49,8192,3.163615622148949e-05,0.015679171078366035,0.13867817191886747,0.8456109819458495,0.0,0.0,0.0,0.0
current,2100,2199,48,8192,1.3337157952085901e-05,0.013188981930026124,0.15431293436419202,0.8324847278518793,0.0,0.0,0.0,0.0
current,2200,2299,47,8192,6.824058120201176e-06,0.00991175342326164,0.17098929256550904,0.8190921211600561,0.0,0.0,0.0,0.0
current,2300,2399,43,8192,6.272312071871578e-06,0.007337953159856226,0.17673539020872542,0.8159203728456388,0.0,0.0,0.0,0.0
current,2400,2499,38,8192,8.45523484223452e-06,0.0054927705643963605,0.17422076040213486,0.8202779955748233,0.0,0.0,0.0,0.0
current,2500,2599,29,8192,5.4325957327477315e-06,0.004092041659819547,0.15925242041815163,0.8366500897806223,0.0,0.0,0.0,0.0
current,2600,2699,26,8192,6.111321078236334e-06,0.0038496204169550315,0.17282005839866965,0.8233241969642962,0.0,0.0,0.0,0.0
current,2700,2799,14,8192,6.394319365931618e-06,0.0029492813973699536,0.15153095344648193,0.8455133607006273,0.0,0.0,0.0,0.0
current,2800,2899,8,8192,2.2381562418189585e-06,0.0024958620461773256,0.13399853425481809,0.8635033625965385,0.0,0.0,0.0,0.0
current,2900,2999,5,8192,4.534312002707087e-06,0.0020072822444221114,0.12810239692431893,0.8698857810421746,0.0,0.0,0.0,0.0
current,3000,3099,3,8192,2.5616101189025227e-06,0.0015133284332088186,0.12530225842402865,0.873181849175896,0.0,0.0,0.0,0.0
current,3100,3199,1,8192,8.135949318100749e-07,0.0015608006767943577,0.13612593349832222,0.8623124436405047,0.0,0.0,0.0,0.0
