round,measured_loss,fitted_loss
249.5,0.6312647388489941,0.5621797520373705
349.5,0.5358722101569553,0.47574581972395463
449.5,0.3939620948408279,0.39023120215472523
549.5,0.30165394819246477,0.3112108017026166
649.5,0.22666136740930662,0.24184691040298834
749.5,0.15538063171864822,0.18345268212108462
849.5,0.10278541101984641,0.13601991289330434
949.5,0.08205257467644665,0.09868921771508653
1049.5,0.06714481899569145,0.07013641119563915
1149.5,0.054676423431985643,0.048863421060550576
1249.5,0.04341514631232999,0.03339682337605784
1349.5,0.032307752567885546,0.022407090526031667
1449.5,0.02000218772470542,0.014766348781849398
1549.5,0.009637316496103606,0.009562947526579909
1649.5,0.0028156883906023753,0.006088976816663034
1749.5,0.002492327742483009,0.0038134320017684654
1849.5,0.0021020496426053274,0.0023500488590129658
1949.5,0.001135563109940621,0.001425554635407398
2049.5,0.0008625372347769427,0.0008514954061754898
2149.5,0.0006030122033403595,0.0005009650841259026
2249.5,0.00032460664762833433,0.00029039261274690903
2349.5,0.00012320903721790426,0.0001658956010692381
2449.5,5.4153542267178157e-05,9.342571707532273e-05
