scenario,reference,round,only_scenario_reached,only_reference_reached,difference_pp
top_fusion_four,none,30,894,0,10.9130859375
top_fusion_four,none,60,2106,0,25.7080078125
top_fusion_four,none,100,2924,95,34.53369140625
top_fusion_four,none,200,3027,116,35.53466796875
top_fusion_four,none,300,3014,119,35.33935546875
top_fusion_four,none,400,2992,125,34.99755859375
top_fusion_four,none,500,3056,110,35.9619140625
top_fusion_four,none,600,3298,41,39.75830078125
top_fusion_four,none,700,2846,6,34.66796875
top_fusion_four,none,800,2392,9,29.08935546875
top_fusion_four,none,900,2294,6,27.9296875
top_fusion_four,none,1000,2243,3,27.34375
top_fusion_four,none,1250,1399,0,17.07763671875
top_fusion_four,none,1500,61,0,0.74462890625
top_fusion_four,none,1750,43,0,0.52490234375
top_fusion_four,none,2000,36,0,0.439453125
top_fusion_four,none,2100,36,0,0.439453125
top_fusion_four,none,2250,33,0,0.40283203125
top_fusion_four,none,2400,21,0,0.25634765625
top_fusion_four,none,2500,17,0,0.20751953125
top_fusion_four,none,3000,1,0,0.01220703125
top_fusion_four,none,4000,0,0,0.0
top_fusion_four,none,5000,0,0,0.0
top_fusion_four,none,6000,0,0,0.0
top_fusion_four,none,7500,0,0,0.0
top_fusion_four,none,9000,0,0,0.0
top_fusion_four,none,10000,0,0,0.0
