scenario,round,reached,runs,percent,wilson95_low_percent,wilson95_high_percent,completed
none,30,7290,8192,88.9892578125,88.2930510395947,89.64891540882869,7290
none,60,5937,8192,72.47314453125,71.49557230227632,73.42965006201533,5909
none,100,2453,8192,29.94384765625,28.961622438640656,30.94487384352602,2423
none,200,1694,8192,20.6787109375,19.815531454374277,21.569376683035554,1687
none,300,1557,8192,19.00634765625,18.17132326683228,19.870426009139226,1557
none,400,1518,8192,18.5302734375,17.70371149400452,19.386335624331267,1518
none,500,1320,8192,16.11328125,15.333048219030076,16.925280252847397,1320
none,600,349,8192,4.26025390625,3.8439319527221087,4.719453055968416,349
none,700,35,8192,0.42724609375,0.30737397445313,0.5935885342984636,35
none,800,15,8192,0.18310546875,0.11099934352441854,0.30191077669603283,15
none,900,10,8192,0.1220703125,0.06632144528819245,0.2245755777994734,10
none,1000,5,8192,0.06103515625,0.026073299403049675,0.14281062655183066,5
none,1250,0,8192,0.0,0,0.046870828822094805,0
none,1500,0,8192,0.0,0,0.046870828822094805,0
none,1750,0,8192,0.0,0,0.046870828822094805,0
none,2000,0,8192,0.0,0,0.046870828822094805,0
none,2100,0,8192,0.0,0,0.046870828822094805,0
none,2250,0,8192,0.0,0,0.046870828822094805,0
none,2400,0,8192,0.0,0,0.046870828822094805,0
none,2500,0,8192,0.0,0,0.046870828822094805,0
none,3000,0,8192,0.0,0,0.046870828822094805,0
none,4000,0,8192,0.0,0,0.046870828822094805,0
none,5000,0,8192,0.0,0,0.046870828822094805,0
none,6000,0,8192,0.0,0,0.046870828822094805,0
none,7500,0,8192,0.0,0,0.046870828822094805,0
none,9000,0,8192,0.0,0,0.046870828822094805,0
none,10000,0,8192,0.0,0,0.046870828822094805,0
top_fusion_four,30,8184,8192,99.90234375,99.80740108708717,99.95050712867827,8184
top_fusion_four,60,8043,8192,98.18115234375,97.8683793267923,98.44875954982861,8038
top_fusion_four,100,5282,8192,64.4775390625,63.43461823512835,65.50688840476838,5240
top_fusion_four,200,4605,8192,56.21337890625,55.136369714841,57.28456357327657,4598
top_fusion_four,300,4452,8192,54.345703125,53.26527706576313,55.422055450091214,4452
top_fusion_four,400,4385,8192,53.52783203125,52.44639144508969,54.60596556918531,4385
top_fusion_four,500,4266,8192,52.0751953125,50.99267135586223,53.155773946652474,4266
top_fusion_four,600,3606,8192,44.0185546875,42.94664465932391,45.09607182166311,3606
top_fusion_four,700,2875,8192,35.09521484375,34.06890768217209,36.13549399800169,2875
top_fusion_four,800,2398,8192,29.2724609375,28.29703979506441,30.26731241864163,2398
top_fusion_four,900,2298,8192,28.0517578125,27.08937464026477,29.034715630785552,2298
top_fusion_four,1000,2245,8192,27.40478515625,26.449670382090428,28.381081059352365,2245
top_fusion_four,1250,1399,8192,17.07763671875,16.27821535034443,17.907920056231056,1398
top_fusion_four,1500,61,8192,0.74462890625,0.580166726075215,0.9552638877668632,61
top_fusion_four,1750,43,8192,0.52490234375,0.38994238504596024,0.70624107911809,43
top_fusion_four,2000,36,8192,0.439453125,0.31760802277086475,0.6077571054072859,36
top_fusion_four,2100,36,8192,0.439453125,0.31760802277086475,0.6077571054072859,36
top_fusion_four,2250,33,8192,0.40283203125,0.2869908326020686,0.5651664372964107,33
top_fusion_four,2400,21,8192,0.25634765625,0.1677342455192311,0.391591591260563,21
top_fusion_four,2500,17,8192,0.20751953125,0.12960997846953845,0.33210538060402717,17
top_fusion_four,3000,1,8192,0.01220703125,0.002154873259231958,0.06911857498941995,1
top_fusion_four,4000,0,8192,0.0,0,0.046870828822094805,0
top_fusion_four,5000,0,8192,0.0,0,0.046870828822094805,0
top_fusion_four,6000,0,8192,0.0,0,0.046870828822094805,0
top_fusion_four,7500,0,8192,0.0,0,0.046870828822094805,0
top_fusion_four,9000,0,8192,0.0,0,0.046870828822094805,0
top_fusion_four,10000,0,8192,0.0,0,0.046870828822094805,0
