scenario,last_round,runs
none,13,5
none,14,15
none,15,27
none,16,10
none,18,3
none,19,1
none,20,12
none,21,48
none,22,33
none,23,104
none,24,200
none,25,315
none,26,83
none,27,25
none,28,21
none,31,1
none,32,9
none,33,155
none,34,26
none,35,35
none,38,88
none,39,52
none,40,93
none,41,26
none,42,68
none,43,129
none,44,101
none,45,66
none,46,20
none,47,48
none,48,149
none,49,116
none,50,9
none,51,16
none,52,29
none,53,23
none,54,6
none,55,3
none,56,9
none,57,13
none,58,32
none,59,31
none,60,28
none,61,46
none,62,47
none,63,360
none,64,224
none,65,143
none,66,280
none,67,169
none,68,266
none,69,38
none,70,38
none,71,63
none,72,123
none,73,336
none,74,78
none,75,31
none,76,71
none,77,54
none,78,56
none,79,6
none,80,7
none,81,3
none,82,5
none,83,52
none,84,28
none,85,31
none,86,16
none,87,91
none,88,193
none,89,102
none,90,43
none,91,29
none,92,27
none,93,79
none,94,13
none,95,31
none,96,22
none,97,73
none,98,139
none,99,43
none,100,30
none,101,2
none,103,6
none,104,2
none,105,40
none,106,35
none,107,10
none,108,12
none,110,14
none,111,34
none,112,8
none,113,4
none,115,3
none,116,2
none,117,1
none,118,2
none,120,3
none,122,1
none,123,5
none,124,1
none,125,1
none,126,1
none,128,4
none,129,1
none,131,2
none,133,1
none,134,1
none,135,2
none,138,2
none,140,1
none,143,2
none,144,1
none,148,1
none,149,1
none,154,1
none,155,1
none,158,1
none,159,1
none,163,3
none,164,3
none,166,1
none,167,2
none,168,4
none,169,2
none,170,1
none,171,4
none,172,7
none,173,17
none,176,3
none,177,2
none,178,33
none,179,4
none,181,3
none,182,7
none,183,42
none,184,13
none,185,5
none,186,4
none,187,13
none,188,57
none,189,9
none,190,3
none,191,8
none,192,20
none,193,95
none,194,17
none,195,5
none,196,11
none,197,32
none,198,76
none,199,13
none,200,7
none,211,1
none,212,3
none,213,11
none,214,5
none,215,21
none,216,5
none,217,4
none,218,2
none,219,4
none,220,2
none,221,5
none,222,1
none,223,6
none,224,1
none,225,3
none,226,1
none,227,1
none,228,3
none,230,1
none,231,1
none,233,2
none,235,3
none,240,1
none,243,5
none,244,2
none,245,1
none,249,2
none,253,2
none,258,1
none,263,1
none,268,5
none,269,1
none,272,2
none,273,12
none,278,1
none,283,2
none,284,1
none,288,4
none,293,1
none,325,1
none,335,1
none,338,2
none,343,1
none,345,1
none,349,1
none,350,1
none,353,1
none,358,1
none,363,1
none,373,5
none,374,1
none,378,1
none,383,3
none,384,1
none,388,3
none,389,1
none,392,1
none,393,6
none,397,2
none,398,4
none,418,1
none,419,1
none,421,1
none,423,1
none,425,1
none,428,1
none,430,2
none,433,1
none,435,3
none,438,2
none,440,3
none,443,1
none,449,7
none,453,3
none,454,2
none,458,6
none,459,1
none,463,2
none,464,1
none,468,14
none,469,2
none,471,2
none,472,4
none,473,29
none,474,2
none,478,11
none,479,1
none,483,18
none,484,2
none,488,16
none,489,1
none,493,24
none,494,1
none,495,1
none,496,2
none,497,2
none,498,25
none,499,1
none,513,1
none,516,5
none,518,1
none,519,5
none,520,8
none,521,21
none,522,1
none,523,17
none,524,9
none,525,22
none,526,4
none,528,14
none,529,4
none,530,33
none,531,2
none,533,31
none,534,10
none,535,33
none,536,3
none,538,6
none,539,13
none,540,42
none,543,26
none,544,49
none,545,6
none,548,5
none,549,37
none,550,5
none,553,30
none,554,44
none,558,25
none,559,3
none,563,13
none,564,2
none,568,84
none,569,27
none,571,3
none,572,15
none,573,115
none,574,1
none,578,10
none,583,38
none,584,10
none,588,31
none,589,2
none,593,70
none,594,3
none,596,1
none,598,30
none,599,1
none,616,1
none,618,1
none,621,11
none,623,6
none,624,6
none,625,12
none,626,2
none,628,3
none,630,29
none,631,2
none,633,14
none,634,4
none,635,26
none,636,1
none,638,2
none,639,3
none,640,23
none,641,1
none,643,6
none,644,23
none,645,4
none,648,1
none,649,23
none,650,1
none,653,3
none,654,18
none,658,7
none,659,3
none,668,15
none,669,4
none,672,3
none,673,28
none,674,1
none,678,4
none,679,1
none,683,7
none,684,1
none,688,3
none,689,1
none,693,7
none,698,3
none,725,2
none,730,4
none,733,1
none,734,1
none,735,1
none,744,3
none,749,2
none,754,2
none,772,1
none,773,2
none,789,1
none,853,2
none,878,1
none,883,2
none,968,1
none,969,1
none,973,1
none,983,1
none,998,1
none,1019,1
none,1048,1
none,1054,1
none,1093,1
none,1144,1
top_fusion_four,25,1
top_fusion_four,26,3
top_fusion_four,28,4
top_fusion_four,36,2
top_fusion_four,37,2
top_fusion_four,38,4
top_fusion_four,41,1
top_fusion_four,42,2
top_fusion_four,43,2
top_fusion_four,44,10
top_fusion_four,45,4
top_fusion_four,46,2
top_fusion_four,47,1
top_fusion_four,48,13
top_fusion_four,49,17
top_fusion_four,50,2
top_fusion_four,51,3
top_fusion_four,52,11
top_fusion_four,53,31
top_fusion_four,54,13
top_fusion_four,55,1
top_fusion_four,56,3
top_fusion_four,57,2
top_fusion_four,58,8
top_fusion_four,59,7
top_fusion_four,60,5
top_fusion_four,61,9
top_fusion_four,62,13
top_fusion_four,63,86
top_fusion_four,64,64
top_fusion_four,65,41
top_fusion_four,66,101
top_fusion_four,67,94
top_fusion_four,68,283
top_fusion_four,69,96
top_fusion_four,70,21
top_fusion_four,71,53
top_fusion_four,72,46
top_fusion_four,73,202
top_fusion_four,74,133
top_fusion_four,75,55
top_fusion_four,76,94
top_fusion_four,77,84
top_fusion_four,78,183
top_fusion_four,79,31
top_fusion_four,80,6
top_fusion_four,81,22
top_fusion_four,82,12
top_fusion_four,83,7
top_fusion_four,84,24
top_fusion_four,85,12
top_fusion_four,86,7
top_fusion_four,87,67
top_fusion_four,88,127
top_fusion_four,89,85
top_fusion_four,90,63
top_fusion_four,91,99
top_fusion_four,92,199
top_fusion_four,93,41
top_fusion_four,94,56
top_fusion_four,95,34
top_fusion_four,96,5
top_fusion_four,97,56
top_fusion_four,98,113
top_fusion_four,99,32
top_fusion_four,100,42
top_fusion_four,101,3
top_fusion_four,103,6
top_fusion_four,104,2
top_fusion_four,105,32
top_fusion_four,106,51
top_fusion_four,107,9
top_fusion_four,108,31
top_fusion_four,109,2
top_fusion_four,110,19
top_fusion_four,111,66
top_fusion_four,112,28
top_fusion_four,113,49
top_fusion_four,114,2
top_fusion_four,115,12
top_fusion_four,116,6
top_fusion_four,117,3
top_fusion_four,118,4
top_fusion_four,119,5
top_fusion_four,121,3
top_fusion_four,122,1
top_fusion_four,123,2
top_fusion_four,124,1
top_fusion_four,128,1
top_fusion_four,133,1
top_fusion_four,143,1
top_fusion_four,144,1
top_fusion_four,154,1
top_fusion_four,158,1
top_fusion_four,163,1
top_fusion_four,164,1
top_fusion_four,167,1
top_fusion_four,168,5
top_fusion_four,169,2
top_fusion_four,171,1
top_fusion_four,172,1
top_fusion_four,173,3
top_fusion_four,174,1
top_fusion_four,176,1
top_fusion_four,177,1
top_fusion_four,178,9
top_fusion_four,181,3
top_fusion_four,182,2
top_fusion_four,183,10
top_fusion_four,184,9
top_fusion_four,185,3
top_fusion_four,186,6
top_fusion_four,187,10
top_fusion_four,188,23
top_fusion_four,189,1
top_fusion_four,190,3
top_fusion_four,191,6
top_fusion_four,192,6
top_fusion_four,193,58
top_fusion_four,194,12
top_fusion_four,195,4
top_fusion_four,196,6
top_fusion_four,197,15
top_fusion_four,198,76
top_fusion_four,199,12
top_fusion_four,200,7
top_fusion_four,212,4
top_fusion_four,213,23
top_fusion_four,214,3
top_fusion_four,215,18
top_fusion_four,216,1
top_fusion_four,217,3
top_fusion_four,218,3
top_fusion_four,219,2
top_fusion_four,220,5
top_fusion_four,221,9
top_fusion_four,222,4
top_fusion_four,223,5
top_fusion_four,224,4
top_fusion_four,225,4
top_fusion_four,228,1
top_fusion_four,230,2
top_fusion_four,231,1
top_fusion_four,238,3
top_fusion_four,240,2
top_fusion_four,243,3
top_fusion_four,244,4
top_fusion_four,248,2
top_fusion_four,249,2
top_fusion_four,253,1
top_fusion_four,254,2
top_fusion_four,258,2
top_fusion_four,268,2
top_fusion_four,269,3
top_fusion_four,271,1
top_fusion_four,273,8
top_fusion_four,274,1
top_fusion_four,283,4
top_fusion_four,287,1
top_fusion_four,288,3
top_fusion_four,293,6
top_fusion_four,294,1
top_fusion_four,297,1
top_fusion_four,298,2
top_fusion_four,323,1
top_fusion_four,333,1
top_fusion_four,335,2
top_fusion_four,338,1
top_fusion_four,340,1
top_fusion_four,343,1
top_fusion_four,344,2
top_fusion_four,345,1
top_fusion_four,348,2
top_fusion_four,349,2
top_fusion_four,353,4
top_fusion_four,354,2
top_fusion_four,358,1
top_fusion_four,359,4
top_fusion_four,363,1
top_fusion_four,368,5
top_fusion_four,369,1
top_fusion_four,371,2
top_fusion_four,372,2
top_fusion_four,373,9
top_fusion_four,378,1
top_fusion_four,379,1
top_fusion_four,383,7
top_fusion_four,384,1
top_fusion_four,388,1
top_fusion_four,391,1
top_fusion_four,393,7
top_fusion_four,398,3
top_fusion_four,421,1
top_fusion_four,424,1
top_fusion_four,426,1
top_fusion_four,435,3
top_fusion_four,436,1
top_fusion_four,440,2
top_fusion_four,443,4
top_fusion_four,444,4
top_fusion_four,445,1
top_fusion_four,448,1
top_fusion_four,449,1
top_fusion_four,453,1
top_fusion_four,454,2
top_fusion_four,458,1
top_fusion_four,459,3
top_fusion_four,463,1
top_fusion_four,468,7
top_fusion_four,469,4
top_fusion_four,471,1
top_fusion_four,472,4
top_fusion_four,473,11
top_fusion_four,474,1
top_fusion_four,478,4
top_fusion_four,479,1
top_fusion_four,482,2
top_fusion_four,483,18
top_fusion_four,484,1
top_fusion_four,488,6
top_fusion_four,489,2
top_fusion_four,493,11
top_fusion_four,494,1
top_fusion_four,496,1
top_fusion_four,498,14
top_fusion_four,499,2
top_fusion_four,514,1
top_fusion_four,518,1
top_fusion_four,519,3
top_fusion_four,520,4
top_fusion_four,521,7
top_fusion_four,522,5
top_fusion_four,523,9
top_fusion_four,524,7
top_fusion_four,525,7
top_fusion_four,526,7
top_fusion_four,527,1
top_fusion_four,528,8
top_fusion_four,530,11
top_fusion_four,531,5
top_fusion_four,532,1
top_fusion_four,533,12
top_fusion_four,534,3
top_fusion_four,535,14
top_fusion_four,538,14
top_fusion_four,540,23
top_fusion_four,541,1
top_fusion_four,543,11
top_fusion_four,544,24
top_fusion_four,545,6
top_fusion_four,548,5
top_fusion_four,549,17
top_fusion_four,550,6
top_fusion_four,553,15
top_fusion_four,554,31
top_fusion_four,555,1
top_fusion_four,558,12
top_fusion_four,559,11
top_fusion_four,560,2
top_fusion_four,563,9
top_fusion_four,564,3
top_fusion_four,566,1
top_fusion_four,568,41
top_fusion_four,569,15
top_fusion_four,570,1
top_fusion_four,571,9
top_fusion_four,572,14
top_fusion_four,573,73
top_fusion_four,574,4
top_fusion_four,577,1
top_fusion_four,578,12
top_fusion_four,579,1
top_fusion_four,581,2
top_fusion_four,582,2
top_fusion_four,583,46
top_fusion_four,584,7
top_fusion_four,588,23
top_fusion_four,589,4
top_fusion_four,593,58
top_fusion_four,594,5
top_fusion_four,595,1
top_fusion_four,596,1
top_fusion_four,597,4
top_fusion_four,598,37
top_fusion_four,599,1
top_fusion_four,620,1
top_fusion_four,621,3
top_fusion_four,623,6
top_fusion_four,624,7
top_fusion_four,625,3
top_fusion_four,626,5
top_fusion_four,628,6
top_fusion_four,630,11
top_fusion_four,631,5
top_fusion_four,633,19
top_fusion_four,634,4
top_fusion_four,635,16
top_fusion_four,638,5
top_fusion_four,639,2
top_fusion_four,640,22
top_fusion_four,641,1
top_fusion_four,643,25
top_fusion_four,644,27
top_fusion_four,645,7
top_fusion_four,648,7
top_fusion_four,649,17
top_fusion_four,650,2
top_fusion_four,653,15
top_fusion_four,654,36
top_fusion_four,658,13
top_fusion_four,659,3
top_fusion_four,663,5
top_fusion_four,664,1
top_fusion_four,668,37
top_fusion_four,669,29
top_fusion_four,670,1
top_fusion_four,671,8
top_fusion_four,672,19
top_fusion_four,673,127
top_fusion_four,674,5
top_fusion_four,678,22
top_fusion_four,679,2
top_fusion_four,683,39
top_fusion_four,684,10
top_fusion_four,688,26
top_fusion_four,689,3
top_fusion_four,693,83
top_fusion_four,694,2
top_fusion_four,697,1
top_fusion_four,698,43
top_fusion_four,716,1
top_fusion_four,722,1
top_fusion_four,724,7
top_fusion_four,725,3
top_fusion_four,728,2
top_fusion_four,730,9
top_fusion_four,731,1
top_fusion_four,733,8
top_fusion_four,734,2
top_fusion_four,735,14
top_fusion_four,738,6
top_fusion_four,739,5
top_fusion_four,740,23
top_fusion_four,741,1
top_fusion_four,743,20
top_fusion_four,744,31
top_fusion_four,745,5
top_fusion_four,748,5
top_fusion_four,749,20
top_fusion_four,750,3
top_fusion_four,753,9
top_fusion_four,754,16
top_fusion_four,758,9
top_fusion_four,759,5
top_fusion_four,763,4
top_fusion_four,768,27
top_fusion_four,769,27
top_fusion_four,771,3
top_fusion_four,772,10
top_fusion_four,773,88
top_fusion_four,774,4
top_fusion_four,778,11
top_fusion_four,779,2
top_fusion_four,783,19
top_fusion_four,784,8
top_fusion_four,788,10
top_fusion_four,789,2
top_fusion_four,793,37
top_fusion_four,794,1
top_fusion_four,798,17
top_fusion_four,799,1
top_fusion_four,815,1
top_fusion_four,823,3
top_fusion_four,824,2
top_fusion_four,825,2
top_fusion_four,826,1
top_fusion_four,828,1
top_fusion_four,830,1
top_fusion_four,833,4
top_fusion_four,834,1
top_fusion_four,835,4
top_fusion_four,840,8
top_fusion_four,843,3
top_fusion_four,844,9
top_fusion_four,845,1
top_fusion_four,848,1
top_fusion_four,849,2
top_fusion_four,853,2
top_fusion_four,854,6
top_fusion_four,858,1
top_fusion_four,859,2
top_fusion_four,868,3
top_fusion_four,869,3
top_fusion_four,871,1
top_fusion_four,872,1
top_fusion_four,873,16
top_fusion_four,878,1
top_fusion_four,883,4
top_fusion_four,884,2
top_fusion_four,888,2
top_fusion_four,893,10
top_fusion_four,898,2
top_fusion_four,933,2
top_fusion_four,938,1
top_fusion_four,944,1
top_fusion_four,949,1
top_fusion_four,953,1
top_fusion_four,954,2
top_fusion_four,958,1
top_fusion_four,968,2
top_fusion_four,969,4
top_fusion_four,971,2
top_fusion_four,973,11
top_fusion_four,974,2
top_fusion_four,978,2
top_fusion_four,983,7
top_fusion_four,986,1
top_fusion_four,988,2
top_fusion_four,993,6
top_fusion_four,994,2
top_fusion_four,998,3
top_fusion_four,1021,1
top_fusion_four,1030,1
top_fusion_four,1035,1
top_fusion_four,1038,1
top_fusion_four,1040,1
top_fusion_four,1043,5
top_fusion_four,1044,6
top_fusion_four,1048,2
top_fusion_four,1049,7
top_fusion_four,1053,10
top_fusion_four,1054,5
top_fusion_four,1058,4
top_fusion_four,1059,2
top_fusion_four,1063,1
top_fusion_four,1064,1
top_fusion_four,1068,7
top_fusion_four,1069,6
top_fusion_four,1071,3
top_fusion_four,1072,5
top_fusion_four,1073,41
top_fusion_four,1074,3
top_fusion_four,1078,2
top_fusion_four,1079,2
top_fusion_four,1083,19
top_fusion_four,1084,2
top_fusion_four,1085,1
top_fusion_four,1088,6
top_fusion_four,1092,1
top_fusion_four,1093,27
top_fusion_four,1094,5
top_fusion_four,1097,1
top_fusion_four,1098,14
top_fusion_four,1099,4
top_fusion_four,1116,1
top_fusion_four,1124,3
top_fusion_four,1125,3
top_fusion_four,1126,1
top_fusion_four,1128,1
top_fusion_four,1130,4
top_fusion_four,1131,1
top_fusion_four,1133,10
top_fusion_four,1134,5
top_fusion_four,1135,7
top_fusion_four,1138,5
top_fusion_four,1139,2
top_fusion_four,1140,6
top_fusion_four,1143,8
top_fusion_four,1144,14
top_fusion_four,1145,2
top_fusion_four,1148,1
top_fusion_four,1149,4
top_fusion_four,1150,1
top_fusion_four,1153,7
top_fusion_four,1154,15
top_fusion_four,1158,2
top_fusion_four,1159,6
top_fusion_four,1160,1
top_fusion_four,1163,2
top_fusion_four,1168,24
top_fusion_four,1169,25
top_fusion_four,1170,1
top_fusion_four,1171,9
top_fusion_four,1172,12
top_fusion_four,1173,104
top_fusion_four,1174,7
top_fusion_four,1178,11
top_fusion_four,1179,2
top_fusion_four,1183,40
top_fusion_four,1184,4
top_fusion_four,1188,24
top_fusion_four,1189,2
top_fusion_four,1193,43
top_fusion_four,1194,9
top_fusion_four,1197,1
top_fusion_four,1198,27
top_fusion_four,1199,2
top_fusion_four,1223,3
top_fusion_four,1224,1
top_fusion_four,1225,4
top_fusion_four,1228,3
top_fusion_four,1230,14
top_fusion_four,1231,5
top_fusion_four,1233,14
top_fusion_four,1234,8
top_fusion_four,1235,20
top_fusion_four,1238,2
top_fusion_four,1239,6
top_fusion_four,1240,32
top_fusion_four,1243,20
top_fusion_four,1244,32
top_fusion_four,1245,6
top_fusion_four,1248,5
top_fusion_four,1249,15
top_fusion_four,1250,1
top_fusion_four,1253,16
top_fusion_four,1254,36
top_fusion_four,1258,6
top_fusion_four,1259,3
top_fusion_four,1263,4
top_fusion_four,1264,2
top_fusion_four,1268,71
top_fusion_four,1269,29
top_fusion_four,1270,1
top_fusion_four,1271,6
top_fusion_four,1272,21
top_fusion_four,1273,176
top_fusion_four,1274,6
top_fusion_four,1278,10
top_fusion_four,1279,3
top_fusion_four,1283,42
top_fusion_four,1284,13
top_fusion_four,1288,25
top_fusion_four,1289,4
top_fusion_four,1293,78
top_fusion_four,1294,6
top_fusion_four,1297,1
top_fusion_four,1298,37
top_fusion_four,1299,1
top_fusion_four,1316,1
top_fusion_four,1321,1
top_fusion_four,1323,5
top_fusion_four,1324,7
top_fusion_four,1325,8
top_fusion_four,1328,5
top_fusion_four,1329,1
top_fusion_four,1330,20
top_fusion_four,1331,4
top_fusion_four,1333,21
top_fusion_four,1334,11
top_fusion_four,1335,13
top_fusion_four,1338,4
top_fusion_four,1339,10
top_fusion_four,1340,22
top_fusion_four,1343,18
top_fusion_four,1344,40
top_fusion_four,1345,3
top_fusion_four,1349,17
top_fusion_four,1350,1
top_fusion_four,1353,5
top_fusion_four,1354,27
top_fusion_four,1358,9
top_fusion_four,1359,9
top_fusion_four,1363,2
top_fusion_four,1364,1
top_fusion_four,1368,63
top_fusion_four,1369,19
top_fusion_four,1371,3
top_fusion_four,1372,14
top_fusion_four,1373,100
top_fusion_four,1374,2
top_fusion_four,1378,5
top_fusion_four,1379,1
top_fusion_four,1383,25
top_fusion_four,1384,6
top_fusion_four,1388,4
top_fusion_four,1389,4
top_fusion_four,1393,25
top_fusion_four,1394,2
top_fusion_four,1398,14
top_fusion_four,1399,2
top_fusion_four,1423,4
top_fusion_four,1424,2
top_fusion_four,1425,3
top_fusion_four,1428,1
top_fusion_four,1430,10
top_fusion_four,1431,1
top_fusion_four,1433,8
top_fusion_four,1434,1
top_fusion_four,1435,5
top_fusion_four,1438,1
top_fusion_four,1439,1
top_fusion_four,1440,10
top_fusion_four,1443,8
top_fusion_four,1444,18
top_fusion_four,1445,2
top_fusion_four,1449,10
top_fusion_four,1454,10
top_fusion_four,1458,2
top_fusion_four,1459,2
top_fusion_four,1468,27
top_fusion_four,1469,10
top_fusion_four,1471,1
top_fusion_four,1472,5
top_fusion_four,1473,25
top_fusion_four,1474,1
top_fusion_four,1483,2
top_fusion_four,1484,1
top_fusion_four,1488,1
top_fusion_four,1489,1
top_fusion_four,1493,10
top_fusion_four,1494,1
top_fusion_four,1498,2
top_fusion_four,1530,2
top_fusion_four,1533,3
top_fusion_four,1535,2
top_fusion_four,1540,2
top_fusion_four,1544,2
top_fusion_four,1554,1
top_fusion_four,1568,2
top_fusion_four,1573,2
top_fusion_four,1635,1
top_fusion_four,1649,1
top_fusion_four,1850,1
top_fusion_four,1869,1
top_fusion_four,1871,1
top_fusion_four,1873,3
top_fusion_four,1943,1
top_fusion_four,2183,1
top_fusion_four,2193,1
top_fusion_four,2197,1
top_fusion_four,2270,1
top_fusion_four,2278,1
top_fusion_four,2282,1
top_fusion_four,2283,2
top_fusion_four,2288,1
top_fusion_four,2368,1
top_fusion_four,2371,1
top_fusion_four,2373,2
top_fusion_four,2374,1
top_fusion_four,2393,1
top_fusion_four,2469,1
top_fusion_four,2494,2
top_fusion_four,2498,1
top_fusion_four,2533,1
top_fusion_four,2543,1
top_fusion_four,2553,1
top_fusion_four,2572,3
top_fusion_four,2573,1
top_fusion_four,2578,1
top_fusion_four,2579,1
top_fusion_four,2583,2
top_fusion_four,2630,1
top_fusion_four,2788,2
top_fusion_four,2814,1
top_fusion_four,2971,1
top_fusion_four,3094,1
