seed,draw_index,raw_type
36000133,20420,EVOKER
36000155,20429,GUARDIAN
36000197,20181,BOGGED
36000219,18985,WITCH
36000225,21935,GHAST
36000234,21830,SHULKER
36000269,20698,GUARDIAN
36000310,18610,ALLAY
36000311,19478,WITHER_SKELETON
36000371,19159,VEX
36000378,21317,WARDEN
36000415,19250,VEX
36000432,20376,VEX
36000463,19342,BOGGED
36000574,18632,BLAZE
36000700,18821,BOGGED
36000790,21771,STRAY
36000801,18925,RAVAGER
36000848,21177,VEX
36000854,19082,ALLAY
36000870,18605,HOGLIN
36000876,19718,BOGGED
36000877,21492,WITCH
36000898,18599,WITCH
36000906,21655,WOLF
36000928,19526,GHAST
36000938,20615,VEX
36000944,20091,WITHER_SKELETON
36000967,18948,WITCH
36001044,21386,RAVAGER
36001081,20676,GOAT
36001095,19087,SNOW_GOLEM
36001115,21573,HOGLIN
36001162,20897,SNOW_GOLEM
36001222,20141,WOLF
36001275,20489,VEX
36001363,21997,WITHER_SKELETON
36001401,20476,SHULKER
36001508,20209,POLAR_BEAR
36001513,21396,GHAST
36001517,19543,EVOKER
36001528,21180,GOAT
36001531,18832,WITHER_SKELETON
36001551,20996,GHAST
36001581,19245,ALLAY
36001593,20154,STRAY
36001595,21313,PANDA
36001606,21319,WITHER_SKELETON
36001634,20112,WITHER_SKELETON
36001641,20060,EVOKER
36001688,18863,IRON_GOLEM
36001692,18709,GHAST
36001724,21087,RABBIT
36001776,21306,STRAY
36001786,20715,RAVAGER
36001790,18503,RAVAGER
36001828,20062,IRON_GOLEM
36001840,21546,GHAST
36001864,19430,POLAR_BEAR
36001869,20622,RAVAGER
36001876,21821,WOLF
36001899,18772,WITCH
36001932,19923,BOGGED
36001933,20322,ALLAY
36001988,18528,PANDA
36002007,18774,LLAMA
36002030,20014,GHAST
36002051,20539,SNOW_GOLEM
36002061,19770,STRAY
36002104,21520,SHULKER
36002120,19500,EVOKER
36002122,19911,WOLF
36002150,20081,VEX
36002253,21426,LLAMA
36002280,21008,GOAT
36002314,18551,RABBIT
36002403,19500,PANDA
36002404,18580,HOGLIN
36002441,20062,RABBIT
36002447,19455,IRON_GOLEM
36002476,19165,WARDEN
36002502,19686,POLAR_BEAR
36002619,21735,PANDA
36002631,19321,STRAY
36002638,18674,SKELETON
36002653,21382,LLAMA
36002670,18676,PIGLIN
36002712,20428,IRON_GOLEM
36002720,19102,WARDEN
36002747,20484,VEX
36002775,21582,WITCH
36002813,19648,WITCH
36002832,21738,WITCH
36002912,21893,GHAST
36002918,21536,HOGLIN
36002927,20667,GOAT
36002955,21890,BOGGED
36002957,19523,BLAZE
36002992,18690,RABBIT
36002996,19575,VEX
36003011,18840,BLAZE
36003036,18934,RABBIT
36003049,18851,SKELETON
36003050,20406,GHAST
36003084,19829,RABBIT
36003118,20762,BLAZE
36003127,19629,STRAY
36003228,19141,PANDA
36003240,19606,BOGGED
36003328,21638,IRON_GOLEM
36003343,19494,SHULKER
36003350,19661,IRON_GOLEM
36003372,19210,POLAR_BEAR
36003419,18880,EVOKER
36003422,19305,ALLAY
36003454,20795,PANDA
36003466,20398,WARDEN
36003482,21221,WITCH
36003552,19881,WOLF
36003559,19023,IRON_GOLEM
36003686,21066,WITCH
36003700,19229,IRON_GOLEM
36003731,20521,PIGLIN
36003737,19128,ALLAY
36003791,21180,WOLF
36003808,20707,EVOKER
36003868,18802,BLAZE
36003903,18508,EVOKER
36004128,20491,PANDA
36004137,21890,SKELETON
36004153,19353,WOLF
36004162,18682,WITCH
36004178,21795,ALLAY
36004197,19112,SNOW_GOLEM
36004199,19542,POLAR_BEAR
36004216,19103,VEX
36004262,20462,RAVAGER
36004354,19628,BOGGED
36004395,20322,BOGGED
36004451,21815,LLAMA
36004482,20415,WARDEN
36004490,21398,WITHER_SKELETON
36004499,21350,ALLAY
36004538,20631,WOLF
36004644,19671,GOAT
36004661,20682,WOLF
36004673,21064,RABBIT
36004702,20936,GUARDIAN
36004791,18911,WITHER_SKELETON
36004805,19249,WITHER_SKELETON
36004811,18532,POLAR_BEAR
36004850,19077,STRAY
36004888,20161,PIGLIN
36004935,20699,SNOW_GOLEM
36004951,18953,GUARDIAN
36004963,19321,VEX
36004976,21133,LLAMA
36004994,21330,WITHER_SKELETON
36005041,19037,LLAMA
36005095,20158,STRAY
36005201,19600,SKELETON
36005202,21672,BOGGED
36005207,18794,SNOW_GOLEM
36005298,18594,POLAR_BEAR
36005315,19750,IRON_GOLEM
36005327,19728,BOGGED
36005332,18680,HOGLIN
36005343,21123,BOGGED
36005368,18800,STRAY
36005386,18748,PIGLIN
36005416,18621,LLAMA
36005494,20712,BOGGED
36005497,18810,STRAY
36005511,20498,VEX
36005562,19143,STRAY
36005592,19078,EVOKER
36005594,21736,RABBIT
36005605,19115,WITHER_SKELETON
36005619,21272,BLAZE
36005625,19941,BOGGED
36005633,21423,RABBIT
36005657,20339,GHAST
36005673,21668,ALLAY
36005681,19765,STRAY
36005705,19229,WARDEN
36005773,19269,GHAST
36005793,21934,WOLF
36005810,21789,PANDA
36005841,21739,GOAT
36005844,21574,WITHER_SKELETON
36005885,19194,SHULKER
36005924,21284,PIGLIN
36006019,19118,POLAR_BEAR
36006088,18864,RAVAGER
36006089,18632,PIGLIN
36006110,21226,SKELETON
36006135,21220,WOLF
36006180,19768,HOGLIN
36006211,20054,PANDA
36006227,20260,HOGLIN
36006228,20156,GHAST
36006234,20905,WOLF
36006271,18595,SNOW_GOLEM
36006277,20133,SKELETON
36006305,19053,EVOKER
36006318,21017,VEX
36006321,18862,GHAST
36006346,21175,BOGGED
36006349,19562,PIGLIN
36006362,18975,SNOW_GOLEM
36006478,21689,EVOKER
36006487,18987,BLAZE
36006503,21710,BOGGED
36006505,21799,HOGLIN
36006511,20001,STRAY
36006551,19118,RAVAGER
36006623,19042,WARDEN
36006635,20757,SNOW_GOLEM
36006658,21553,GOAT
36006676,19542,RABBIT
36006723,20972,WOLF
36006780,20576,GOAT
36006846,18741,LLAMA
36006864,19524,BLAZE
36006873,19105,BOGGED
36006925,21235,ALLAY
36006950,21199,HOGLIN
36006967,19521,WITHER_SKELETON
36006998,19674,RABBIT
36007026,19158,POLAR_BEAR
36007071,18783,IRON_GOLEM
36007125,20483,SNOW_GOLEM
36007199,19129,SNOW_GOLEM
36007217,19070,RABBIT
36007223,19900,STRAY
36007230,19246,PIGLIN
36007298,21830,ALLAY
36007309,21170,GUARDIAN
36007314,21118,IRON_GOLEM
36007321,19037,SNOW_GOLEM
36007414,21139,WITHER_SKELETON
36007451,21289,PANDA
36007455,20974,STRAY
36007468,18928,PIGLIN
36007475,20538,ALLAY
36007509,18759,HOGLIN
36007522,21300,GOAT
36007587,21313,STRAY
36007596,21127,WITHER_SKELETON
36007617,20965,WITCH
36007635,21336,ALLAY
36007699,21003,WOLF
36007736,21709,WITCH
36007747,19225,HOGLIN
36007781,20140,GOAT
36007824,18815,BLAZE
36007830,18551,LLAMA
36007833,18660,GOAT
36007840,19215,BOGGED
36007841,21034,GHAST
36007897,18820,SHULKER
36007937,18964,RAVAGER
36007972,18913,PANDA
36008055,21242,WITHER_SKELETON
36008070,21852,PANDA
36008119,21361,LLAMA
36008160,19326,PIGLIN
36008174,19169,PANDA
36008191,20074,GOAT
36008216,19978,EVOKER
36008228,20223,WOLF
36008246,18865,VEX
36008252,19872,POLAR_BEAR
36008298,21684,PIGLIN
36008325,21434,IRON_GOLEM
36008333,20815,RAVAGER
36008382,21833,PANDA
36008427,21384,BLAZE
36008429,21034,SKELETON
36008488,21243,WOLF
36008493,19057,STRAY
36008508,19614,GOAT
36008538,21176,BLAZE
36008565,19799,SNOW_GOLEM
36008660,18802,POLAR_BEAR
36008675,18923,BOGGED
36008712,21715,IRON_GOLEM
36008729,20070,WARDEN
36008779,21617,GUARDIAN
36008790,18717,WITCH
36008837,18553,GUARDIAN
36008879,19201,EVOKER
36008901,19199,IRON_GOLEM
36008910,20589,ALLAY
36008914,19654,GHAST
36008933,20437,SKELETON
36008944,21897,BOGGED
36008966,19432,RAVAGER
36009116,19055,BOGGED
36009155,19727,IRON_GOLEM
36009158,20294,RABBIT
36009159,20048,IRON_GOLEM
36009280,19208,WOLF
36009294,21795,PIGLIN
36009311,18924,STRAY
36009347,21100,WITHER_SKELETON
36009411,19441,GHAST
36009421,19474,WARDEN
36009454,19240,GHAST
36009559,19231,SKELETON
36009575,19947,BLAZE
36009596,19247,RAVAGER
36009661,20532,PIGLIN
36009665,21596,HOGLIN
36009721,21726,VEX
36009746,21841,IRON_GOLEM
36009814,21416,SHULKER
36009832,20841,RAVAGER
36010003,19682,BLAZE
36010025,19756,PANDA
36010046,22000,VEX
36010062,21768,WITCH
36010063,19207,BLAZE
36010262,21482,VEX
36010268,19728,RAVAGER
36010275,18885,WITCH
36010286,19815,ALLAY
36010329,20597,GOAT
36010347,21865,SHULKER
36010389,20821,WOLF
36010478,21596,ALLAY
36010490,20762,ALLAY
36010601,20846,SHULKER
36010641,21412,GHAST
36010723,21710,GOAT
36010737,19437,EVOKER
36010742,19400,SHULKER
36010771,19872,SHULKER
36010775,20067,SHULKER
36010797,18700,WOLF
36010823,19606,SHULKER
36010866,19594,GUARDIAN
36010890,19800,WITCH
36010894,19050,PIGLIN
36010990,19608,HOGLIN
36011008,18781,STRAY
36011127,19715,WOLF
36011225,18773,PIGLIN
36011316,21000,GHAST
36011407,19833,WARDEN
36011413,20954,WOLF
36011431,19545,PIGLIN
36011458,18659,SKELETON
36011461,21173,WARDEN
36011462,19959,LLAMA
36011494,19977,IRON_GOLEM
36011501,21508,GOAT
36011514,20443,GUARDIAN
36011518,18836,RABBIT
36011556,21994,PIGLIN
36011580,19215,WOLF
36011597,21858,GOAT
36011624,20261,VEX
36011675,20763,RABBIT
36011709,21283,ALLAY
36011713,21906,IRON_GOLEM
36011734,20157,WOLF
36011754,20429,EVOKER
36011776,21199,EVOKER
36011777,18519,BOGGED
36011783,20661,GUARDIAN
36011793,19153,RABBIT
36011844,19093,WARDEN
36011891,20443,PIGLIN
36011900,19581,GHAST
36011913,19026,POLAR_BEAR
36011938,19209,ALLAY
36011978,19608,STRAY
36011979,21496,WOLF
36011989,20258,WOLF
36012035,21508,RAVAGER
36012074,20333,WITCH
36012082,19946,WARDEN
36012089,20985,EVOKER
36012136,18904,LLAMA
36012174,19804,GOAT
36012223,20720,GHAST
36012252,19599,WOLF
36012364,21131,RABBIT
36012428,18613,RABBIT
36012486,18517,WARDEN
36012503,19964,BLAZE
36012556,21361,WITCH
36012565,20162,WITHER_SKELETON
36012568,19867,POLAR_BEAR
36012574,18658,SKELETON
36012583,19430,BLAZE
36012638,21711,STRAY
36012642,20571,VEX
36012647,19882,VEX
36012671,21733,WITHER_SKELETON
36012685,21050,WOLF
36012717,21966,ALLAY
36012742,21847,EVOKER
36012747,21820,SHULKER
36012764,20854,ALLAY
36012816,18774,LLAMA
36012817,19757,POLAR_BEAR
36012854,19412,WITHER_SKELETON
36012858,20238,SKELETON
36012865,19772,RAVAGER
36012889,21852,SNOW_GOLEM
36012902,19005,GUARDIAN
36012916,18960,PANDA
36012918,18891,RAVAGER
36012965,21030,EVOKER
36013015,19137,GOAT
36013045,19300,RABBIT
36013049,18643,WOLF
36013061,21346,RABBIT
36013117,21636,ALLAY
36013257,20310,VEX
36013325,21186,SNOW_GOLEM
36013341,20659,WITCH
36013366,20936,RAVAGER
36013389,19553,GOAT
36013434,20847,SNOW_GOLEM
36013475,20850,WITCH
36013518,20371,HOGLIN
36013520,20000,VEX
36013553,20930,GUARDIAN
36013585,19716,POLAR_BEAR
36013594,20753,EVOKER
36013626,20557,GHAST
36013640,20043,RAVAGER
36013667,18929,SNOW_GOLEM
36013680,19141,PIGLIN
36013687,19970,RAVAGER
36013709,21840,POLAR_BEAR
36013711,18923,WARDEN
36013787,21711,IRON_GOLEM
36013791,20547,STRAY
36013809,20430,HOGLIN
36013851,20904,GHAST
36013855,19869,IRON_GOLEM
36013866,18860,SHULKER
36013884,21711,HOGLIN
36013893,21678,EVOKER
36013904,19397,GOAT
36013915,18502,RAVAGER
36013932,20771,POLAR_BEAR
36013972,18920,HOGLIN
36013986,21573,LLAMA
36013991,21281,RABBIT
36014071,20578,RAVAGER
36014114,21439,ALLAY
36014135,20427,LLAMA
36014209,19340,RAVAGER
36014210,19257,ALLAY
36014263,19258,SNOW_GOLEM
36014272,21645,EVOKER
36014273,21171,IRON_GOLEM
36014275,19315,PIGLIN
36014281,20012,RABBIT
36014285,21941,ALLAY
36014293,20674,POLAR_BEAR
36014318,20790,STRAY
36014322,19555,ALLAY
36014348,19733,GHAST
36014366,20833,GHAST
36014373,19014,SKELETON
36014395,21610,IRON_GOLEM
36014434,20466,PANDA
36014454,18960,RAVAGER
36014456,20690,SHULKER
36014465,19017,WITHER_SKELETON
36014504,21370,BOGGED
36014517,21492,PANDA
36014527,21295,GUARDIAN
36014545,20979,GHAST
36014556,18965,WARDEN
36014602,20585,GOAT
36014616,18775,VEX
36014649,19108,VEX
36014654,20415,WITHER_SKELETON
36014657,21340,LLAMA
36014686,19964,WITHER_SKELETON
36014687,19429,POLAR_BEAR
36014692,21524,POLAR_BEAR
36014722,21111,EVOKER
36014754,19417,EVOKER
36014854,20054,EVOKER
36014875,19871,EVOKER
36014958,20215,PANDA
36014973,19714,GUARDIAN
36015004,20172,RABBIT
36015010,19294,RABBIT
36015072,21500,BLAZE
36015075,19851,POLAR_BEAR
36015098,21528,STRAY
36015203,18656,RABBIT
36015221,18856,ALLAY
36015253,19751,SNOW_GOLEM
36015262,19610,EVOKER
36015263,21886,PANDA
36015314,19759,RABBIT
36015334,21074,ALLAY
36015366,20806,VEX
36015385,21217,LLAMA
36015400,21678,RABBIT
36015418,20520,WARDEN
36015423,21174,BOGGED
36015426,21611,LLAMA
36015569,18899,RABBIT
36015606,19809,SKELETON
36015613,21978,RAVAGER
36015716,21402,SHULKER
36015780,20585,GUARDIAN
36015792,19639,WITHER_SKELETON
36015840,20816,STRAY
36015929,18738,RABBIT
36015947,18575,IRON_GOLEM
36015998,21123,BLAZE
36016002,20379,WITCH
36016005,21655,STRAY
36016007,19828,GHAST
36016060,21543,WITCH
36016073,20007,GHAST
36016079,21625,ALLAY
36016109,21972,WOLF
36016116,20444,SNOW_GOLEM
36016209,20777,GOAT
36016225,19822,POLAR_BEAR
36016230,21056,PANDA
36016247,20418,POLAR_BEAR
36016268,20545,SNOW_GOLEM
36016274,20431,BOGGED
36016278,19191,GHAST
36016294,18892,PANDA
36016336,21793,ALLAY
36016339,20836,PANDA
36016362,19557,WITHER_SKELETON
36016422,19640,HOGLIN
36016426,20118,GUARDIAN
36016430,18689,STRAY
36016507,21598,RABBIT
36016536,18736,SNOW_GOLEM
36016562,18681,RAVAGER
36016580,20775,STRAY
36016592,19037,HOGLIN
36016599,21403,WITHER_SKELETON
36016670,21269,VEX
36016699,19842,SHULKER
36016747,18638,WITHER_SKELETON
36016781,21392,POLAR_BEAR
36016795,21361,POLAR_BEAR
36016817,20200,WARDEN
36016867,19401,ALLAY
36016879,19287,RAVAGER
36016886,19205,SKELETON
36016913,20849,PANDA
36016925,18590,BLAZE
36016933,19580,WARDEN
36016942,20256,RAVAGER
36016958,19433,POLAR_BEAR
36016976,21984,WITCH
36017125,18683,SNOW_GOLEM
36017141,21857,BLAZE
36017145,19050,PIGLIN
36017147,21791,RAVAGER
36017166,21481,PIGLIN
36017171,21921,POLAR_BEAR
36017175,21479,WARDEN
36017179,21622,SNOW_GOLEM
36017205,20713,VEX
36017221,20201,BOGGED
36017223,18556,WITHER_SKELETON
36017251,20688,POLAR_BEAR
36017281,18992,PIGLIN
36017311,20650,SHULKER
36017338,20128,LLAMA
36017359,18882,PANDA
36017364,20918,HOGLIN
36017378,19848,GOAT
36017380,19956,SNOW_GOLEM
36017472,19614,ALLAY
36017474,21167,SKELETON
36017503,21026,GOAT
36017531,21607,POLAR_BEAR
36017559,21523,GUARDIAN
36017571,19711,HOGLIN
36017572,19726,POLAR_BEAR
36017574,20655,WITCH
36017612,21206,WARDEN
36017621,19052,WITHER_SKELETON
36017622,18988,ALLAY
36017638,21884,IRON_GOLEM
36017649,19074,WARDEN
36017654,21785,WOLF
36017675,18932,GUARDIAN
36017692,20613,WARDEN
36017704,20773,VEX
36017739,20921,SKELETON
36017761,18883,GOAT
36017815,21192,HOGLIN
36017838,18733,IRON_GOLEM
36017840,21007,BOGGED
36017872,18877,GHAST
36017915,21134,ALLAY
36017971,21021,VEX
36018015,19425,GHAST
36018048,19702,WOLF
36018070,21725,SNOW_GOLEM
36018106,18827,RABBIT
36018183,19649,WITCH
36018248,20225,POLAR_BEAR
36018259,21506,HOGLIN
36018338,19689,WARDEN
36018378,19761,STRAY
36018414,20787,ALLAY
36018421,19782,STRAY
36018426,19317,RAVAGER
36018431,18967,SNOW_GOLEM
36018449,18914,SNOW_GOLEM
36018504,18614,EVOKER
36018507,18645,HOGLIN
36018551,18965,HOGLIN
36018555,20568,GUARDIAN
36018567,18962,STRAY
36018595,21933,WITCH
36018642,20221,ALLAY
36018664,18783,LLAMA
36018674,20668,HOGLIN
36018702,20113,PIGLIN
36018743,20713,LLAMA
36018780,19877,GHAST
36018826,19202,VEX
36018879,21364,GOAT
36018889,18930,GUARDIAN
36018910,19110,WARDEN
36018919,20111,ALLAY
36018921,18913,ALLAY
36018926,19865,WITHER_SKELETON
36018928,21714,WOLF
36019052,21080,WARDEN
36019062,20469,GOAT
36019070,20511,WOLF
36019090,20597,GUARDIAN
36019094,19068,LLAMA
36019122,18537,SNOW_GOLEM
36019151,18836,SHULKER
36019161,21760,LLAMA
36019247,21991,POLAR_BEAR
36019267,20646,SKELETON
36019399,20958,PANDA
36019400,20986,GOAT
36019444,18700,GUARDIAN
36019509,21172,SNOW_GOLEM
36019527,20517,HOGLIN
36019544,19004,EVOKER
36019578,20211,IRON_GOLEM
36019658,20201,IRON_GOLEM
36019672,20500,STRAY
36019842,21804,SKELETON
36019861,20773,PIGLIN
36019894,18645,SKELETON
36019901,21903,LLAMA
36019990,19887,GHAST
36019993,21090,RAVAGER
