scenario,last_round,runs
none,26,3
none,27,4
none,28,12
none,29,4
none,30,2
none,31,12
none,33,20
none,35,5
none,36,1
none,38,3
none,40,1
none,44,6
none,45,1
none,83,5
none,87,1
none,88,21
none,91,1
none,92,3
none,93,45
none,94,1
none,96,3
none,97,13
none,98,21
none,100,1
none,111,1
none,113,1
none,115,3
none,117,1
none,119,2
none,120,1
none,121,2
none,122,1
none,123,1
none,124,2
none,125,1
none,135,1
none,144,1
none,149,2
none,154,3
none,159,1
none,169,1
none,173,2
none,183,1
none,198,1
none,221,2
none,225,1
none,245,1
none,264,1
none,324,1
none,333,1
none,334,1
none,340,1
none,349,1
none,358,1
none,373,2
none,388,1
none,393,1
none,398,1
none,425,1
none,433,1
none,444,1
none,469,1
none,488,1
none,498,1
none,523,1
none,525,1
none,544,3
none,545,1
none,549,1
none,553,1
none,568,1
none,573,3
none,598,1
none,625,2
none,640,1
top_fusion,31,2
top_fusion,98,10
top_fusion,115,1
top_fusion,249,1
top_fusion,254,2
top_fusion,268,1
top_fusion,273,16
top_fusion,278,1
top_fusion,283,4
top_fusion,293,3
top_fusion,298,4
top_fusion,321,1
top_fusion,324,1
top_fusion,325,3
top_fusion,329,1
top_fusion,333,3
top_fusion,335,1
top_fusion,340,1
top_fusion,345,1
top_fusion,354,2
top_fusion,369,1
top_fusion,373,3
top_fusion,388,1
top_fusion,393,3
top_fusion,428,1
top_fusion,440,1
top_fusion,445,1
top_fusion,449,2
top_fusion,453,2
top_fusion,454,1
top_fusion,469,2
top_fusion,471,1
top_fusion,473,4
top_fusion,478,1
top_fusion,488,1
top_fusion,498,1
top_fusion,518,1
top_fusion,523,1
top_fusion,528,1
top_fusion,530,1
top_fusion,535,2
top_fusion,540,3
top_fusion,541,1
top_fusion,544,3
top_fusion,545,1
top_fusion,548,1
top_fusion,554,3
top_fusion,564,1
top_fusion,569,1
top_fusion,573,5
top_fusion,583,5
top_fusion,584,1
top_fusion,588,2
top_fusion,593,6
top_fusion,598,3
top_fusion,624,1
top_fusion,632,1
top_fusion,633,2
top_fusion,635,1
top_fusion,640,4
top_fusion,643,4
top_fusion,644,2
top_fusion,645,1
top_fusion,650,1
top_fusion,654,3
top_fusion,659,1
top_fusion,663,1
top_fusion,668,3
top_fusion,669,3
top_fusion,671,4
top_fusion,672,1
top_fusion,673,10
top_fusion,678,1
top_fusion,683,5
top_fusion,684,2
top_fusion,688,3
top_fusion,693,4
top_fusion,694,1
top_fusion,698,4
top_fusion,728,1
top_fusion,729,1
top_fusion,730,1
top_fusion,733,1
top_fusion,738,1
top_fusion,739,2
top_fusion,744,3
top_fusion,749,2
top_fusion,753,2
top_fusion,758,2
top_fusion,768,1
top_fusion,769,1
top_fusion,772,2
top_fusion,773,3
top_fusion,774,1
top_fusion,778,1
top_fusion,793,4
top_fusion,798,1
top_fusion,823,1
top_fusion,824,1
top_fusion,828,1
top_fusion,830,1
top_fusion,833,2
top_fusion,840,1
top_fusion,843,1
top_fusion,893,1
top_fusion,943,1
top_fusion,973,1
top_fusion,978,1
top_fusion,983,1
top_fusion,988,1
top_fusion,993,1
top_fusion,1021,1
top_fusion,1033,4
top_fusion,1035,1
top_fusion,1040,1
top_fusion,1043,2
top_fusion,1044,1
top_fusion,1053,1
top_fusion,1068,1
top_fusion,1069,1
top_fusion,1071,1
top_fusion,1072,1
top_fusion,1128,1
top_fusion,1144,1
top_fusion,1170,1
top_fusion,1173,1
top_fusion,1193,1
top_fusion,1214,1
top_income_damage,33,1
top_income_damage,35,1
top_income_damage,88,1
top_income_damage,93,3
top_income_damage,96,1
top_income_damage,97,1
top_income_damage,98,29
top_income_damage,111,1
top_income_damage,113,1
top_income_damage,115,2
top_income_damage,235,1
top_income_damage,240,3
top_income_damage,244,5
top_income_damage,245,1
top_income_damage,249,4
top_income_damage,253,2
top_income_damage,254,2
top_income_damage,258,4
top_income_damage,259,1
top_income_damage,268,7
top_income_damage,269,3
top_income_damage,273,11
top_income_damage,278,2
top_income_damage,288,1
top_income_damage,293,2
top_income_damage,298,3
top_income_damage,324,1
top_income_damage,326,1
top_income_damage,344,1
top_income_damage,345,1
top_income_damage,349,1
top_income_damage,350,1
top_income_damage,354,1
top_income_damage,363,1
top_income_damage,368,1
top_income_damage,373,2
top_income_damage,383,1
top_income_damage,393,1
top_income_damage,424,1
top_income_damage,430,1
top_income_damage,468,1
top_income_damage,473,3
top_income_damage,483,1
top_income_damage,484,1
top_income_damage,493,2
top_income_damage,498,1
top_income_damage,533,1
top_income_damage,544,1
top_income_damage,554,1
top_income_damage,558,2
top_income_damage,568,3
top_income_damage,569,1
top_income_damage,573,5
top_income_damage,583,1
top_income_damage,584,1
top_income_damage,588,1
top_income_damage,593,5
top_income_damage,598,6
top_income_damage,624,2
top_income_damage,630,2
top_income_damage,633,2
top_income_damage,634,1
top_income_damage,635,2
top_income_damage,639,1
top_income_damage,640,2
top_income_damage,643,2
top_income_damage,644,4
top_income_damage,645,1
top_income_damage,648,3
top_income_damage,649,5
top_income_damage,653,2
top_income_damage,654,2
top_income_damage,663,1
top_income_damage,668,2
top_income_damage,669,1
top_income_damage,671,1
top_income_damage,672,1
top_income_damage,673,10
top_income_damage,679,1
top_income_damage,683,4
top_income_damage,688,1
top_income_damage,693,4
top_income_damage,698,3
top_income_damage,723,1
top_income_damage,730,1
top_income_damage,733,1
top_income_damage,739,1
top_income_damage,743,2
top_income_damage,744,3
top_income_damage,748,2
top_income_damage,749,1
top_income_damage,753,1
top_income_damage,754,3
top_income_damage,763,1
top_income_damage,768,3
top_income_damage,772,1
top_income_damage,773,2
top_income_damage,784,1
top_income_damage,788,1
top_income_damage,798,1
top_income_damage,799,1
top_income_damage,873,1
top_income_damage,893,1
top_income_damage,938,1
top_income_damage,969,1
top_income_damage,973,2
top_income_damage,978,1
top_income_damage,993,4
top_income_damage,1000,1
top_income_damage,1023,1
top_income_damage,1033,1
top_income_damage,1053,1
top_income_damage,1068,1
top_income_damage,1073,1
top_income_damage,1078,1
top_income_damage,1084,1
top_income_damage,1128,1
top_income_damage,1133,1
top_income_damage,1173,1
top_income_damage,1188,1
top_income_damage,1193,1
top_growth,29,2
top_growth,31,1
top_growth,36,1
top_growth,38,1
top_growth,45,1
top_growth,93,2
top_growth,96,1
top_growth,97,5
top_growth,98,36
top_growth,111,1
top_growth,112,1
top_growth,113,1
top_growth,115,1
top_growth,124,1
top_growth,235,1
top_growth,240,2
top_growth,244,2
top_growth,249,4
top_growth,253,1
top_growth,254,5
top_growth,268,8
top_growth,269,1
top_growth,272,1
top_growth,273,12
top_growth,288,2
top_growth,293,1
top_growth,326,1
top_growth,333,2
top_growth,335,1
top_growth,338,1
top_growth,344,1
top_growth,345,1
top_growth,354,1
top_growth,368,1
top_growth,373,3
top_growth,389,1
top_growth,398,5
top_growth,458,1
top_growth,469,1
top_growth,473,2
top_growth,493,2
top_growth,498,1
top_growth,499,1
top_growth,530,1
top_growth,531,2
top_growth,533,2
top_growth,535,2
top_growth,540,3
top_growth,544,2
top_growth,545,1
top_growth,549,1
top_growth,554,1
top_growth,558,1
top_growth,568,2
top_growth,570,1
top_growth,573,9
top_growth,578,1
top_growth,584,1
top_growth,588,1
top_growth,593,2
top_growth,598,2
top_growth,625,1
top_growth,628,1
top_growth,630,1
top_growth,631,1
top_growth,633,3
top_growth,635,2
top_growth,640,1
top_growth,643,3
top_growth,644,3
top_growth,645,1
top_growth,649,2
top_growth,653,1
top_growth,654,1
top_growth,658,1
top_growth,668,4
top_growth,669,1
top_growth,672,1
top_growth,673,8
top_growth,678,1
top_growth,683,4
top_growth,688,1
top_growth,693,4
top_growth,698,2
top_growth,720,1
top_growth,723,2
top_growth,724,1
top_growth,725,2
top_growth,728,1
top_growth,730,2
top_growth,739,1
top_growth,740,4
top_growth,744,1
top_growth,754,2
top_growth,758,2
top_growth,759,1
top_growth,772,1
top_growth,773,2
top_growth,782,1
top_growth,788,1
top_growth,789,1
top_growth,793,1
top_growth,840,1
top_growth,958,2
top_growth,969,1
top_growth,973,4
top_growth,974,1
top_growth,984,1
top_growth,988,1
top_growth,993,1
top_growth,998,1
top_growth,1043,1
top_growth,1044,1
top_growth,1045,1
top_growth,1048,2
top_growth,1053,1
top_growth,1083,1
top_growth,1098,1
top_growth,1114,1
top_growth,1153,1
top_growth,1154,1
top_growth,1163,1
top_combat,33,2
top_combat,98,8
top_combat,116,1
top_combat,119,1
top_combat,123,1
top_combat,124,1
top_combat,249,1
top_combat,254,10
top_combat,258,5
top_combat,268,14
top_combat,269,1
top_combat,272,2
top_combat,273,21
top_combat,278,1
top_combat,283,3
top_combat,288,4
top_combat,293,3
top_combat,320,1
top_combat,321,1
top_combat,328,1
top_combat,335,1
top_combat,338,1
top_combat,340,2
top_combat,343,1
top_combat,344,2
top_combat,348,1
top_combat,354,1
top_combat,358,1
top_combat,368,1
top_combat,371,1
top_combat,373,8
top_combat,374,1
top_combat,378,1
top_combat,383,1
top_combat,388,2
top_combat,393,2
top_combat,398,3
top_combat,421,1
top_combat,433,1
top_combat,440,1
top_combat,444,1
top_combat,454,1
top_combat,459,1
top_combat,468,1
top_combat,473,1
top_combat,478,1
top_combat,493,2
top_combat,523,2
top_combat,524,1
top_combat,525,1
top_combat,530,1
top_combat,533,2
top_combat,535,1
top_combat,536,1
top_combat,540,1
top_combat,543,1
top_combat,544,1
top_combat,553,1
top_combat,554,3
top_combat,559,1
top_combat,568,4
top_combat,569,1
top_combat,572,2
top_combat,573,8
top_combat,578,1
top_combat,583,2
top_combat,588,2
top_combat,593,4
top_combat,598,2
top_combat,624,1
top_combat,625,2
top_combat,630,2
top_combat,633,6
top_combat,634,1
top_combat,635,2
top_combat,638,1
top_combat,639,1
top_combat,640,3
top_combat,643,2
top_combat,644,5
top_combat,649,2
top_combat,654,2
top_combat,659,1
top_combat,663,1
top_combat,668,5
top_combat,669,4
top_combat,673,11
top_combat,683,2
top_combat,684,2
top_combat,688,4
top_combat,693,2
top_combat,698,2
top_combat,724,1
top_combat,728,1
top_combat,730,1
top_combat,735,1
top_combat,739,2
top_combat,740,3
top_combat,744,6
top_combat,754,1
top_combat,769,1
top_combat,773,6
top_combat,831,1
top_combat,849,1
top_combat,1058,1
